Time;Power [kW];Day consumption [kWh];Night consumption [kWh];Monthly consumption
0:00;0.694444444;8.333333333;8.333333333;500
0:15;0.694444444;;;
0:30;0.694444444;;;
0:45;0.694444444;;;
1:00;0.694444444;;;
1:15;0.694444444;;;
1:30;0.694444444;;;
1:45;0.694444444;;;
2:00;0.694444444;;;
2:15;0.694444444;;;
2:30;0.694444444;;;
2:45;0.694444444;;;
3:00;0.694444444;;;
3:15;0.694444444;;;
3:30;0.694444444;;;
3:45;0.694444444;;;
4:00;0.694444444;;;
4:15;0.694444444;;;
4:30;0.694444444;;;
4:45;0.694444444;;;
5:00;0.694444444;;;
5:15;0.694444444;;;
5:30;0.694444444;;;
5:45;0.694444444;;;
6:00;0.694444444;;;
6:15;0.694444444;;;
6:30;0.694444444;;;
6:45;0.694444444;;;
7:00;0.694444444;;;
7:15;0.694444444;;;
7:30;0.694444444;;;
7:45;0.694444444;;;
8:00;0.694444444;;;
8:15;0.694444444;;;
8:30;0.694444444;;;
8:45;0.694444444;;;
9:00;0.694444444;;;
9:15;0.694444444;;;
9:30;0.694444444;;;
9:45;0.694444444;;;
10:00;0.694444444;;;
10:15;0.694444444;;;
10:30;0.694444444;;;
10:45;0.694444444;;;
11:00;0.694444444;;;
11:15;0.694444444;;;
11:30;0.694444444;;;
11:45;0.694444444;;;
12:00;0.694444444;;;
12:15;0.694444444;;;
12:30;0.694444444;;;
12:45;0.694444444;;;
13:00;0.694444444;;;
13:15;0.694444444;;;
13:30;0.694444444;;;
13:45;0.694444444;;;
14:00;0.694444444;;;
14:15;0.694444444;;;
14:30;0.694444444;;;
14:45;0.694444444;;;
15:00;0.694444444;;;
15:15;0.694444444;;;
15:30;0.694444444;;;
15:45;0.694444444;;;
16:00;0.694444444;;;
16:15;0.694444444;;;
16:30;0.694444444;;;
16:45;0.694444444;;;
17:00;0.694444444;;;
17:15;0.694444444;;;
17:30;0.694444444;;;
17:45;0.694444444;;;
18:00;0.694444444;;;
18:15;0.694444444;;;
18:30;0.694444444;;;
18:45;0.694444444;;;
19:00;0.694444444;;;
19:15;0.694444444;;;
19:30;0.694444444;;;
19:45;0.694444444;;;
20:00;0.694444444;;;
20:15;0.694444444;;;
20:30;0.694444444;;;
20:45;0.694444444;;;
21:00;0.694444444;;;
21:15;0.694444444;;;
21:30;0.694444444;;;
21:45;0.694444444;;;
22:00;0.694444444;;;
22:15;0.694444444;;;
22:30;0.694444444;;;
22:45;0.694444444;;;
23:00;0.694444444;;;
23:15;0.694444444;;;
23:30;0.694444444;;;
23:45;0.694444444;;;
;;;;
;;;;
;;;;
;;;;
;;;;
;;;;
;;;;
;;;;
;;;;
;;;;
;;;;
;;;;
;;;;
;;;;
;;;;
;;;;
;;;;
;;;;
;;;;
;;;;
;;;;
;;;;
;;;;
;;;;
;;;;
;;;;
;;;;
;;;;
;;;;
;;;;
;;;;
;;;;
;;;;
;;;;
;;;;
;;;;
;;;;
;;;;
;;;;
;;;;
;;;;
;;;;
;;;;
;;;;
;;;;
;;;;
;;;;
;;;;
;;;;
;;;;
;;;;
;;;;
;;;;
;;;;
;;;;
;;;;
;;;;
;;;;
;;;;
;;;;
;;;;
;;;;
;;;;
;;;;
;;;;
;;;;
;;;;
;;;;
;;;;
;;;;
;;;;
;;;;
;;;;
;;;;
;;;;
;;;;
;;;;
;;;;
;;;;
;;;;
;;;;
;;;;
;;;;
;;;;
;;;;
;;;;
;;;;
;;;;
;;;;
;;;;
;;;;
;;;;
;;;;
;;;;
;;;;
;;;;
;;;;
;;;;
;;;;
;;;;
;;;;
;;;;
;;;;
;;;;
;;;;
;;;;
;;;;
;;;;
;;;;
;;;;
;;;;
;;;;
;;;;
;;;;
;;;;
;;;;
;;;;
;;;;
;;;;
;;;;
;;;;
;;;;
;;;;
;;;;
;;;;
;;;;
;;;;
;;;;
;;;;
;;;;
;;;;
;;;;
;;;;
;;;;
;;;;
;;;;
;;;;
;;;;
;;;;
;;;;
;;;;
;;;;
;;;;
;;;;
;;;;
;;;;
;;;;
;;;;
;;;;
;;;;
;;;;
;;;;
;;;;
;;;;
;;;;
;;;;
;;;;
;;;;
;;;;
;;;;
;;;;
;;;;
;;;;
;;;;
;;;;
;;;;
;;;;
;;;;
;;;;
;;;;
;;;;
;;;;
;;;;
;;;;
;;;;
;;;;
;;;;
;;;;
;;;;
;;;;
;;;;
;;;;
;;;;
;;;;
;;;;
;;;;
;;;;
;;;;
;;;;
;;;;
;;;;
;;;;
;;;;
;;;;
;;;;
;;;;
;;;;
;;;;
;;;;
;;;;
;;;;
;;;;
;;;;
;;;;
;;;;
;;;;
;;;;
;;;;
;;;;
;;;;
;;;;
;;;;
;;;;
;;;;
;;;;
;;;;
;;;;
;;;;
;;;;
;;;;
;;;;
;;;;
;;;;
;;;;
;;;;
;;;;
;;;;
;;;;
;;;;
;;;;
;;;;
;;;;
;;;;
;;;;
;;;;
;;;;
;;;;
;;;;
;;;;
;;;;
;;;;
;;;;
;;;;
;;;;
;;;;
;;;;
;;;;
;;;;
;;;;
;;;;
;;;;
;;;;
;;;;
;;;;
;;;;
;;;;
;;;;
;;;;
;;;;
;;;;
;;;;
;;;;
;;;;
;;;;
;;;;
;;;;
;;;;
;;;;
;;;;
;;;;
;;;;
;;;;
;;;;
;;;;
;;;;
;;;;
;;;;
;;;;
;;;;
;;;;
;;;;
;;;;
;;;;
;;;;
;;;;
;;;;
;;;;
;;;;
;;;;
;;;;
;;;;
;;;;
;;;;
;;;;
;;;;
;;;;
;;;;
;;;;
;;;;
;;;;
;;;;
;;;;
;;;;
;;;;
;;;;
;;;;
;;;;
;;;;
;;;;
;;;;
;;;;
;;;;
;;;;
;;;;
;;;;
;;;;
;;;;
;;;;
;;;;
;;;;
;;;;
;;;;
;;;;
;;;;
;;;;
;;;;
;;;;
;;;;
;;;;
;;;;
;;;;
;;;;
;;;;
;;;;
;;;;
;;;;
;;;;
;;;;
;;;;
;;;;
;;;;
;;;;
;;;;
;;;;
;;;;
;;;;
;;;;
;;;;
;;;;
;;;;
;;;;
;;;;
;;;;
;;;;
;;;;
;;;;
;;;;
;;;;
;;;;
;;;;
;;;;
;;;;
;;;;
;;;;
;;;;
;;;;
;;;;
;;;;
;;;;
;;;;
;;;;
;;;;
;;;;
;;;;
;;;;
;;;;
;;;;
;;;;
;;;;
;;;;
;;;;
;;;;
;;;;
;;;;
;;;;
;;;;
;;;;
;;;;
;;;;
;;;;
;;;;
;;;;
;;;;
;;;;
;;;;
;;;;
;;;;
;;;;
;;;;
;;;;
;;;;
;;;;
;;;;
;;;;
;;;;
;;;;
;;;;
;;;;
;;;;
;;;;
;;;;
;;;;
;;;;
;;;;
;;;;
;;;;
;;;;
;;;;
;;;;
;;;;
;;;;
;;;;
;;;;
;;;;
;;;;
;;;;
;;;;
;;;;
;;;;
;;;;
;;;;
;;;;
;;;;
;;;;
;;;;
;;;;
;;;;
;;;;
;;;;
;;;;
;;;;
;;;;
;;;;
;;;;
;;;;
;;;;
;;;;
;;;;
;;;;
;;;;
;;;;
;;;;
;;;;
;;;;
;;;;
;;;;
;;;;
;;;;
;;;;
;;;;
;;;;
;;;;
;;;;
;;;;
;;;;
;;;;
;;;;
;;;;
;;;;
;;;;
;;;;
;;;;
;;;;
;;;;
;;;;
;;;;
;;;;
;;;;
;;;;
;;;;
;;;;
;;;;
;;;;
;;;;
;;;;
;;;;
;;;;
;;;;
;;;;
;;;;
;;;;
;;;;
;;;;
;;;;
;;;;
;;;;
;;;;
;;;;
;;;;
;;;;
;;;;
;;;;
;;;;
;;;;
;;;;
;;;;
;;;;
;;;;
;;;;
;;;;
;;;;
;;;;
;;;;
;;;;
;;;;
;;;;
;;;;
;;;;
;;;;
;;;;
;;;;
;;;;
;;;;
;;;;
;;;;
;;;;
;;;;
;;;;
;;;;
;;;;
;;;;
;;;;
;;;;
;;;;
;;;;
;;;;
;;;;
;;;;
;;;;
;;;;
;;;;
;;;;
;;;;
;;;;
;;;;
;;;;
;;;;
;;;;
;;;;
;;;;
;;;;
;;;;
;;;;
;;;;
;;;;
;;;;
;;;;
;;;;
;;;;
;;;;
;;;;
;;;;
;;;;
;;;;
;;;;
;;;;
;;;;
;;;;
;;;;
;;;;
;;;;
;;;;
;;;;
;;;;
;;;;
;;;;
